bin	n	artifact_rate	mean_segments	median_len	platform
≤2 k	6201521	0.9537964960531456	2.098299594567204	1149.0	p2
2–8 k	6206445	0.9455585282718206	2.378425813811288	3459.0	p2
8–16 k	521707	0.7656730693665218	3.1853358302648807	9629.0	p2
16–32 k	32692	0.3301419307475835	5.375657653248501	18344.0	p2
>32 k	1211	0.0305532617671346	19.99421965317919	38358.0	p2
≤2 k	1134711	0.9638357255724145	2.0765807328914585	1126.0	mk1c
2–8 k	515485	0.9333152274071991	2.305939067092156	2829.0	mk1c
8–16 k	15360	0.5716145833333334	2.874609375	9541.0	mk1c
16–32 k	865	0.14797687861271677	3.341040462427746	18009.0	mk1c
>32 k	6	0.0	3.5	36483.0	mk1c
